{
   "dashboards": [{
      "autoswitchEnabled": false,
      "columnCount": 1,
      "columnProportion": "1-1",
      "creationTime": 1540937784039,
      "dashboardNavigations": {},
      "description": "",
      "disabled": false,
      "gridsterMaxColumns": 12,
      "hidden": false,
      "homeTab": false,
      "id": "7af789d7-7446-4280-9131-dc4a196735eb",
      "importAttempts": 0,
      "importComplete": true,
      "isDefault": false,
      "locked": false,
      "name": "VM performance",
      "rank": 95,
      "shared": false,
      "temporary": false,
      "userId": "61ece143-3a42-487c-b10a-ea42a69b7c0d",
      "widgetInteractions": [
         {
            "type": "resourceId",
            "widgetIdProvider": "895b811f-c1ef-468c-876c-4d2aa8e541f8",
            "widgetIdReceiver": "6c7bc3e4-d290-4276-912b-9de533d47b37"
         },
         {
            "type": "resourceId",
            "widgetIdProvider": "6c7bc3e4-d290-4276-912b-9de533d47b37",
            "widgetIdReceiver": "5d313fd6-6df2-48a3-90a0-315e340f1d79"
         }
      ],
      "widgets": [
         {
            "collapsed": false,
            "config": {
               "additionalColumns": [
                  {
                     "boxLabel": "Number of Hosts",
                     "metricKey": "summary|total_number_hosts",
                     "metricName": "Summary|Total Number of Hosts",
                     "resourceKindId": "resourceKind:id:0_::_"
                  },
                  {
                     "boxLabel": "Number of VMs",
                     "metricKey": "summary|total_number_vms",
                     "metricName": "Summary|Total Number of VMs",
                     "resourceKindId": "resourceKind:id:0_::_"
                  }
               ],
               "mode": 0,
               "refreshContent": {"refreshContent": true},
               "refreshInterval": 300,
               "selectFirstRow": {"selectFirstRow": true},
               "tagFilter": {
                  "path": ["/source/kind/kind:resourceKind:id:0_::_"],
                  "value": {
                     "adapterInstance": [],
                     "adapterKind": [],
                     "bus": [],
                     "collector": [],
                     "day": [],
                     "exclaim": false,
                     "healthRange": [],
                     "kind": ["resourceKind:id:0_::_"],
                     "maintenanceSchedule": [],
                     "state": [],
                     "status": [],
                     "tag": [],
                     "tier": []
                  }
               },
               "title": "List of Clusters. Select Any."
            },
            "gridsterCoords": {
               "h": 15,
               "w": 4,
               "x": 1,
               "y": 1
            },
            "height": 837,
            "id": "895b811f-c1ef-468c-876c-4d2aa8e541f8",
            "states": [{
               "key": "permResGrid_widget_7af789d7-7446-4280-9131-dc4a196735eb_895b811f-c1ef-468c-876c-4d2aa8e541f8",
               "value": "o%3Acolumns%3Da%253Ao%25253Aid%25253Ds%2525253Ah1%25255Ehidden%25253Db%2525253A1%25255Ewidth%25253Dn%2525253A100%255Eo%25253Aid%25253Ds%2525253Ah2%25255Ewidth%25253Dn%2525253A292%255Eo%25253Aid%25253Ds%2525253Ah3%25255Ehidden%25253Db%2525253A1%25255Ewidth%25253Dn%2525253A100%255Eo%25253Aid%25253Ds%2525253Ah4%25255Ehidden%25253Db%2525253A1%255Eo%25253Aid%25253Ds%2525253Ah5%25255Ehidden%25253Db%2525253A1%255Eo%25253Aid%25253Ds%2525253Ah6%25255Ehidden%25253Db%2525253A1%255Eo%25253Aid%25253Ds%2525253Ah7%25255Ehidden%25253Db%2525253A1%25255Ewidth%25253Dn%2525253A100%255Eo%25253Aid%25253Ds%2525253Ah8%25255Ehidden%25253Db%2525253A1%25255Ewidth%25253Dn%2525253A100%255Eo%25253Aid%25253Ds%2525253Ah9%25255Ehidden%25253Db%2525253A1%25255Ewidth%25253Dn%2525253A100%255Eo%25253Aid%25253Ds%2525253Ah10%25255Ehidden%25253Db%2525253A1%25255Ewidth%25253Dn%2525253A100%255Eo%25253Aid%25253Ds%2525253Ah11%25255Ehidden%25253Db%2525253A1%25255Ewidth%25253Dn%2525253A100%255Eo%25253Aid%25253Ds%2525253Ah12%25255Ehidden%25253Db%2525253A1%25255Ewidth%25253Dn%2525253A100%255Eo%25253Aid%25253Ds%2525253Ah13%25255Ehidden%25253Db%2525253A1%25255Ewidth%25253Dn%2525253A100%255Eo%25253Aid%25253Ds%2525253Ah14%25255Ehidden%25253Db%2525253A1%255Eo%25253Aid%25253Ds%2525253Ah15%25255Ehidden%25253Db%2525253A1%255Eo%25253Aid%25253Ds%2525253Ah16%25255Ehidden%25253Db%2525253A1%25255Ewidth%25253Dn%2525253A100%255Eo%25253Aid%25253Ds%2525253Ah17%25255Ehidden%25253Db%2525253A0%25255Ewidth%25253Dn%2525253A100%255Eo%25253Aid%25253Ds%2525253Ah18%25255Ehidden%25253Db%2525253A0%25255Ewidth%25253Dn%2525253A100%255Eo%25253Aid%25253Ds%2525253Ah19%25255Ehidden%25253Db%2525253A1%25255Ewidth%25253Dn%2525253A100%255Eo%25253Aid%25253Ds%2525253Ah20%25255Ehidden%25253Db%2525253A1%25255Ewidth%25253Dn%2525253A100%255Eo%25253Aid%25253Ds%2525253Ah21%25255Ehidden%25253Db%2525253A1%25255Ewidth%25253Dn%2525253A100%255Eo%25253Aid%25253Ds%2525253Ah22%25255Ehidden%25253Db%2525253A1%25255Ewidth%25253Dn%2525253A100%255Eo%25253Aid%25253Ds%2525253Ah23%25255Ehidden%25253Db%2525253A1%25255Ewidth%25253Dn%2525253A100%255Eo%25253Aid%25253Ds%2525253Ah24%25255Ehidden%25253Db%2525253A1%25255Ewidth%25253Dn%2525253A100%255Eo%25253Aid%25253Ds%2525253Ah25%25255Ehidden%25253Db%2525253A1%25255Ewidth%25253Dn%2525253A100%255Eo%25253Aid%25253Ds%2525253Ah26%25255Ehidden%25253Db%2525253A1%25255Ewidth%25253Dn%2525253A100%255Eo%25253Aid%25253Ds%2525253Ah27%25255Ehidden%25253Db%2525253A1%25255Ewidth%25253Dn%2525253A100%255Eo%25253Aid%25253Ds%2525253Ah28%25255Ehidden%25253Db%2525253A1%25255Ewidth%25253Dn%2525253A100%255Eo%25253Aid%25253Ds%2525253Ah29%25255Ehidden%25253Db%2525253A1%25255Ewidth%25253Dn%2525253A100%255Eo%25253Aid%25253Ds%2525253Ah30%25255Ehidden%25253Db%2525253A1%25255Ewidth%25253Dn%2525253A100%255Eo%25253Aid%25253Ds%2525253Ah31%25255Ehidden%25253Db%2525253A1%25255Ewidth%25253Dn%2525253A100%255Eo%25253Aid%25253Ds%2525253Ah32%25255Ehidden%25253Db%2525253A1%25255Ewidth%25253Dn%2525253A100%255Eo%25253Aid%25253Ds%2525253Ah33%25255Ehidden%25253Db%2525253A1%25255Ewidth%25253Dn%2525253A100%255Eo%25253Aid%25253Ds%2525253Ah34%25255Ehidden%25253Db%2525253A1%25255Ewidth%25253Dn%2525253A100%255Eo%25253Aid%25253Ds%2525253Ah35%25255Ehidden%25253Db%2525253A1%25255Ewidth%25253Dn%2525253A100%255Eo%25253Aid%25253Ds%2525253Ah36%25255Ehidden%25253Db%2525253A1%25255Ewidth%25253Dn%2525253A100%255Eo%25253Aid%25253Ds%2525253Ah37%25255Ehidden%25253Db%2525253A1%25255Ewidth%25253Dn%2525253A100%255Eo%25253Aid%25253Ds%2525253Ah38%25255Ehidden%25253Db%2525253A1%25255Ewidth%25253Dn%2525253A100%255Eo%25253Aid%25253Ds%2525253Ah39%25255Ehidden%25253Db%2525253A1%25255Ewidth%25253Dn%2525253A100%255Eo%25253Aid%25253Ds%2525253Ah40%25255Ehidden%25253Db%2525253A1%25255Ewidth%25253Dn%2525253A100%255Eo%25253Aid%25253Ds%2525253Ah41%25255Ehidden%25253Db%2525253A1%25255Ewidth%25253Dn%2525253A100%255Eo%25253Aid%25253Ds%2525253Ah42%25255Ehidden%25253Db%2525253A1%25255Ewidth%25253Dn%2525253A100%255Eo%25253Aid%25253Ds%2525253Ah43%25255Ehidden%25253Db%2525253A1%25255Ewidth%25253Dn%2525253A100%255Eo%25253Aid%25253Ds%2525253Ah44%25255Ehidden%25253Db%2525253A1%25255Ewidth%25253Dn%2525253A100%255Eo%25253Aid%25253Ds%2525253Ah45%25255Ehidden%25253Db%2525253A1%25255Ewidth%25253Dn%2525253A100%255Eo%25253Aid%25253Ds%2525253Ah46%25255Ehidden%25253Db%2525253A1%25255Ewidth%25253Dn%2525253A100"
            }],
            "title": "List of Clusters. Select Any.",
            "type": "ResourceList"
         },
         {
            "collapsed": false,
            "config": {
               "metric": {
                  "mode": "resourceKind",
                  "resourceKindMetrics": [
                     {
                        "colorMethod": 2,
                        "id": "extModel8002-1",
                        "isStringMetric": false,
                        "metricKey": "cpu|capacity_contentionPct",
                        "metricName": "CPU|Contention",
                        "metricUnitId": "percent",
                        "resourceKindId": "resourceKind:id:1_::_",
                        "resourceKindName": "Virtual Machine",
                        "unit": "%"
                     },
                     {
                        "colorMethod": 2,
                        "id": "extModel8002-2",
                        "isStringMetric": false,
                        "metricKey": "cpu|readyPct",
                        "metricName": "CPU|Ready",
                        "metricUnitId": "percent",
                        "resourceKindId": "resourceKind:id:1_::_",
                        "resourceKindName": "Virtual Machine",
                        "unit": "%"
                     },
                     {
                        "colorMethod": 2,
                        "id": "extModel8002-3",
                        "isStringMetric": false,
                        "metricKey": "mem|host_contentionPct",
                        "metricName": "Memory|Contention",
                        "metricUnitId": "percent",
                        "resourceKindId": "resourceKind:id:1_::_",
                        "resourceKindName": "Virtual Machine",
                        "unit": "%"
                     },
                     {
                        "colorMethod": 2,
                        "id": "extModel8002-4",
                        "isStringMetric": false,
                        "metricKey": "net|droppedTx_summation",
                        "metricName": "Network|Transmitted Packets Dropped",
                        "metricUnitId": null,
                        "resourceKindId": "resourceKind:id:1_::_",
                        "resourceKindName": "Virtual Machine",
                        "unit": null
                     },
                     {
                        "colorMethod": 2,
                        "id": "extModel8002-5",
                        "isStringMetric": false,
                        "metricKey": "virtualDisk:Aggregate of all instances|vDiskOIO",
                        "metricName": "Virtual Disk:Aggregate of all instances|Outstanding IO requests",
                        "metricUnitId": "7003",
                        "resourceKindId": "resourceKind:id:1_::_",
                        "resourceKindName": "Virtual Machine",
                        "unit": "OIOs"
                     },
                     {
                        "colorMethod": 2,
                        "id": "extModel8002-6",
                        "isStringMetric": false,
                        "metricKey": "virtualDisk:Aggregate of all instances|totalLatency",
                        "metricName": "Virtual Disk:Aggregate of all instances|Total Latency",
                        "metricUnitId": "msec",
                        "resourceKindId": "resourceKind:id:1_::_",
                        "resourceKindName": "Virtual Machine",
                        "unit": "ms"
                     }
                  ],
                  "resourceMetrics": []
               },
               "refreshContent": {"refreshContent": false},
               "refreshInterval": 300,
               "relationshipMode": 0,
               "resInteractionMode": null,
               "selfProvider": {"selfProvider": false},
               "title": "KPIs of the selected VM"
            },
            "gridsterCoords": {
               "h": 7,
               "w": 8,
               "x": 5,
               "y": 9
            },
            "height": 381,
            "id": "5d313fd6-6df2-48a3-90a0-315e340f1d79",
            "states": [
               {
                  "key": "permBtn_pan_permMetricChart_widget_7af789d7-7446-4280-9131-dc4a196735eb_5d313fd6-6df2-48a3-90a0-315e340f1d79",
                  "value": "b%3A0"
               },
               {
                  "key": "permMetricChart_widget_7af789d7-7446-4280-9131-dc4a196735eb_5d313fd6-6df2-48a3-90a0-315e340f1d79",
                  "value": "o%3A"
               },
               {
                  "key": "permDateRange1_permMetricChart_widget_7af789d7-7446-4280-9131-dc4a196735eb_5d313fd6-6df2-48a3-90a0-315e340f1d79",
                  "value": "s%3A%7B%22dateRange%22%3A%22last6Hour%22%2C%22dateFrom%22%3Anull%2C%22dateTo%22%3Anull%2C%22timeFrom%22%3Anull%2C%22timeTo%22%3Anull%7D"
               },
               {
                  "key": "permBtn_zoomAllGraphs_permMetricChart_widget_7af789d7-7446-4280-9131-dc4a196735eb_5d313fd6-6df2-48a3-90a0-315e340f1d79",
                  "value": "b%3A0"
               }
            ],
            "title": "KPIs of the selected VM",
            "type": "MetricChart"
         },
         {
            "collapsed": false,
            "config": {
               "chartViewItems": [],
               "refreshContent": {"refreshContent": false},
               "refreshInterval": 300,
               "resource": null,
               "selectFirstRow": {"selectFirstRow": false},
               "selfProvider": {"selfProvider": false},
               "title": "List of Virtual Machines in the cluster. Select Any.",
               "traversalSpecId": "",
               "viewDefinitionId": "660d423a-3ff7-4f2e-b8d1-73c812837feb"
            },
            "gridsterCoords": {
               "h": 8,
               "w": 8,
               "x": 5,
               "y": 1
            },
            "height": 438,
            "id": "6c7bc3e4-d290-4276-912b-9de533d47b37",
            "title": "List of Virtual Machines in the cluster. Select Any.",
            "type": "View"
         }
      ]
   }],
   "entries": {"resourceKind": [
      {
         "adapterKindKey": "VMWARE",
         "internalId": "resourceKind:id:1_::_",
         "resourceKindKey": "VirtualMachine"
      },
      {
         "adapterKindKey": "VMWARE",
         "internalId": "resourceKind:id:0_::_",
         "resourceKindKey": "ClusterComputeResource"
      }
   ]},
   "uuid": "750a5365-579c-4666-acf5-af735b954e68"
}